component_id,Value_0h,Value_24h,Value_96h,Value_168h,lot_id,is_defective,activation_energy_ev,acceleration_factor
C_00001,10.979,10.946,11.104,10.989,LOT_000,False,0.272,14.3
C_00002,10.951,10.801,11.263,11.118,LOT_000,False,0.353,31.4
C_00003,10.587,10.411,10.509,10.637,LOT_000,False,0.343,28.5
C_00004,11.047,10.657,10.847,10.939,LOT_000,False,0.367,36.0
C_00005,10.885,11.334,11.529,11.611,LOT_000,False,0.345,29.3
C_00006,10.693,10.679,10.949,10.948,LOT_000,False,0.355,32.0
C_00007,10.657,10.696,10.88,11.338,LOT_000,False,0.292,17.3
C_00008,11.004,11.166,11.292,11.382,LOT_000,False,0.283,15.9
C_00009,9.821,14.571,21.323,26.511,LOT_000,True,0.73,1257.4
C_00010,10.93,10.84,11.165,11.04,LOT_000,False,0.333,25.9
C_00011,10.033,12.506,15.976,18.435,LOT_000,True,0.658,622.7
C_00012,9.957,10.11,10.284,10.459,LOT_000,False,0.333,25.9
C_00013,9.733,10.055,9.88,10.134,LOT_000,False,0.335,26.4
C_00014,10.243,10.357,10.407,10.394,LOT_000,False,0.384,42.5
C_00015,10.358,10.119,10.148,10.525,LOT_000,False,0.359,33.5
C_00016,11.539,15.875,23.005,28.06,LOT_000,True,0.729,1247.6
C_00017,9.23,9.444,9.879,10.112,LOT_000,False,0.375,39.3
C_00018,11.659,12.412,12.389,12.661,LOT_000,False,0.367,36.0
C_00019,10.245,10.261,10.407,10.855,LOT_000,False,0.393,46.5
C_00020,10.747,10.693,10.914,11.228,LOT_000,False,0.421,61.1
C_00021,11.478,12.012,12.033,12.015,LOT_000,False,0.317,22.2
C_00022,9.714,9.829,10.296,10.706,LOT_000,False,0.368,36.5
C_00023,10.337,10.336,10.831,10.826,LOT_000,False,0.361,34.2
C_00024,10.826,10.912,10.615,10.647,LOT_000,False,0.301,19.0
C_00025,9.601,9.76,9.848,10.032,LOT_000,False,0.314,21.6
C_00026,10.412,10.39,10.517,10.737,LOT_000,False,0.376,39.4
C_00027,10.829,10.934,11.324,11.295,LOT_000,False,0.297,18.2
C_00028,10.319,10.388,10.246,10.573,LOT_000,False,0.322,23.3
C_00029,11.863,11.896,12.55,13.092,LOT_000,False,0.425,63.8
C_00030,9.88,9.786,10.012,10.03,LOT_000,False,0.324,23.7
C_00031,9.034,9.127,9.753,10.011,LOT_000,False,0.291,17.3
C_00032,9.937,10.23,10.641,10.721,LOT_000,False,0.364,35.0
C_00033,10.228,10.393,10.321,10.598,LOT_000,False,0.295,17.9
C_00034,10.462,10.451,10.867,10.925,LOT_000,False,0.364,35.1
C_00035,11.092,11.754,11.741,11.936,LOT_000,False,0.365,35.6
C_00036,10.839,11.167,11.357,11.454,LOT_000,False,0.368,36.6
C_00037,9.685,10.296,10.572,10.736,LOT_000,False,0.356,32.5
C_00038,8.989,9.549,9.493,9.663,LOT_000,False,0.363,34.8
C_00039,10.51,10.609,10.762,11.247,LOT_000,False,0.402,50.9
C_00040,10.729,11.212,10.904,11.451,LOT_000,False,0.338,27.3
C_00041,10.824,10.788,11.244,11.921,LOT_001,False,0.379,40.7
C_00042,9.134,9.314,9.618,9.866,LOT_001,False,0.309,20.6
C_00043,8.498,8.83,8.41,8.809,LOT_001,False,0.362,34.5
C_00044,8.994,8.954,9.524,9.815,LOT_001,False,0.409,54.5
C_00045,9.879,10.018,10.338,10.622,LOT_001,False,0.361,34.0
C_00046,9.538,9.964,10.439,10.542,LOT_001,False,0.409,54.6
C_00047,10.752,10.403,10.297,11.238,LOT_001,False,0.384,42.6
C_00048,9.588,9.747,10.255,10.762,LOT_001,False,0.402,51.1
C_00049,9.944,9.921,10.232,10.375,LOT_001,False,0.293,17.6
C_00050,9.426,9.6,9.551,9.787,LOT_001,False,0.356,32.3
C_00051,10.198,10.346,10.722,10.28,LOT_001,False,0.334,26.2
C_00052,9.036,8.894,9.045,9.253,LOT_001,False,0.257,12.3
C_00053,9.568,9.835,10.002,10.373,LOT_001,False,0.404,52.0
C_00054,10.323,10.296,11.017,11.203,LOT_001,False,0.419,60.0
C_00055,10.095,10.28,10.656,10.643,LOT_001,False,0.326,24.2
C_00056,9.689,10.405,10.448,10.979,LOT_001,False,0.403,51.3
C_00057,10.097,9.851,10.09,10.435,LOT_001,False,0.364,35.1
C_00058,9.8,9.776,9.873,10.21,LOT_001,False,0.349,30.3
C_00059,9.415,16.669,27.319,35.48,LOT_001,True,0.768,1819.0
C_00060,9.903,10.252,10.957,10.611,LOT_001,False,0.336,26.8
C_00061,9.791,9.832,10.317,10.251,LOT_001,False,0.373,38.4
C_00062,10.205,10.255,10.686,10.743,LOT_001,False,0.377,39.7
C_00063,8.437,9.04,9.122,8.963,LOT_001,False,0.337,26.9
C_00064,8.103,8.036,8.344,8.126,LOT_001,False,0.328,24.8
C_00065,9.897,10.077,9.99,10.437,LOT_001,False,0.347,29.6
C_00066,9.167,9.554,9.357,9.814,LOT_001,False,0.314,21.6
C_00067,9.736,10.055,10.574,10.431,LOT_001,False,0.413,56.5
C_00068,9.307,9.329,9.788,10.214,LOT_001,False,0.396,48.0
C_00069,9.429,9.866,10.022,10.093,LOT_001,False,0.344,28.8
C_00070,9.884,10.082,10.468,10.759,LOT_001,False,0.431,67.9
C_00071,9.533,9.565,9.541,9.956,LOT_001,False,0.314,21.6
C_00072,9.714,9.494,9.909,10.085,LOT_001,False,0.324,23.7
C_00073,10.129,9.907,10.144,9.682,LOT_001,False,0.292,17.3
C_00074,9.982,9.449,9.631,9.924,LOT_001,False,0.307,20.1
C_00075,8.755,8.958,9.323,9.463,LOT_001,False,0.36,33.8
C_00076,9.798,10.229,9.949,10.021,LOT_001,False,0.279,15.3
C_00077,10.328,10.161,10.658,10.498,LOT_001,False,0.368,36.5
C_00078,9.343,9.262,9.765,9.504,LOT_001,False,0.299,18.5
C_00079,9.823,12.742,17.556,20.443,LOT_001,True,0.678,758.4
C_00080,10.301,11.011,11.575,12.016,LOT_001,False,0.452,83.0
C_00081,7.914,7.94,8.097,8.303,LOT_002,False,0.378,40.2
C_00082,7.941,8.336,8.057,8.382,LOT_002,False,0.281,15.6
C_00083,9.001,9.28,9.116,8.947,LOT_002,False,0.363,34.7
C_00084,7.915,8.002,8.431,8.326,LOT_002,False,0.336,26.8
C_00085,8.833,9.313,9.333,9.775,LOT_002,False,0.361,34.1
C_00086,8.976,9.164,8.94,9.018,LOT_002,False,0.343,28.7
C_00087,8.998,9.288,9.373,9.718,LOT_002,False,0.41,55.0
C_00088,8.075,8.137,8.318,8.578,LOT_002,False,0.319,22.5
C_00089,7.969,10.046,12.752,14.318,LOT_002,True,0.698,919.4
C_00090,8.655,8.734,8.695,8.728,LOT_002,False,0.378,40.3
C_00091,8.673,8.145,8.338,8.476,LOT_002,False,0.309,20.5
C_00092,8.614,8.99,9.041,9.21,LOT_002,False,0.381,41.3
C_00093,8.951,8.605,8.592,9.231,LOT_002,False,0.356,32.6
C_00094,8.285,8.459,8.289,8.172,LOT_002,False,0.276,14.8
C_00095,9.025,9.05,9.022,8.724,LOT_002,False,0.338,27.2
C_00096,9.111,9.223,9.316,9.34,LOT_002,False,0.368,36.4
C_00097,9.0,9.076,9.093,8.957,LOT_002,False,0.328,24.6
C_00098,8.739,8.771,8.643,8.934,LOT_002,False,0.358,33.1
C_00099,9.646,13.033,17.079,19.718,LOT_002,True,0.731,1273.1
C_00100,8.341,8.026,8.355,8.577,LOT_002,False,0.3,18.8
C_00101,8.998,9.349,9.461,9.701,LOT_002,False,0.352,31.1
C_00102,8.633,8.609,8.602,8.784,LOT_002,False,0.3,18.8
C_00103,8.378,8.469,8.335,8.515,LOT_002,False,0.362,34.6
C_00104,8.065,8.099,8.116,8.359,LOT_002,False,0.265,13.4
C_00105,8.802,8.876,9.017,9.233,LOT_002,False,0.412,56.4
C_00106,9.626,10.042,9.789,9.903,LOT_002,False,0.337,26.8
C_00107,10.516,10.373,10.503,10.899,LOT_002,False,0.384,42.7
C_00108,8.884,8.544,9.094,8.867,LOT_002,False,0.351,30.8
C_00109,8.777,8.481,8.737,8.771,LOT_002,False,0.353,31.6
C_00110,8.82,8.536,8.596,8.988,LOT_002,False,0.31,20.6
C_00111,8.773,8.504,8.596,8.679,LOT_002,False,0.349,30.3
C_00112,8.994,9.223,9.354,9.437,LOT_002,False,0.333,25.9
C_00113,8.355,8.704,8.506,8.933,LOT_002,False,0.392,46.2
C_00114,8.941,8.71,8.722,9.086,LOT_002,False,0.414,57.0
C_00115,8.17,8.525,8.659,8.778,LOT_002,False,0.366,35.8
C_00116,9.21,9.434,9.351,9.459,LOT_002,False,0.275,14.7
C_00117,8.589,8.669,8.855,9.054,LOT_002,False,0.367,36.0
C_00118,8.809,9.088,9.191,9.155,LOT_002,False,0.374,38.6
C_00119,8.856,9.109,8.681,9.378,LOT_002,False,0.398,49.0
C_00120,7.587,7.751,8.186,7.974,LOT_002,False,0.368,36.5
C_00121,13.892,14.118,14.084,14.652,LOT_003,False,0.355,32.2
C_00122,13.367,13.634,14.033,13.827,LOT_003,False,0.351,31.0
C_00123,13.653,13.825,13.558,14.245,LOT_003,False,0.334,26.1
C_00124,13.063,13.131,13.466,14.113,LOT_003,False,0.375,39.2
C_00125,14.157,14.6,14.954,15.37,LOT_003,False,0.403,51.2
C_00126,12.807,12.779,13.082,13.332,LOT_003,False,0.321,23.0
C_00127,13.65,13.345,13.384,13.812,LOT_003,False,0.365,35.5
C_00128,12.889,12.968,13.209,13.423,LOT_003,False,0.339,27.5
C_00129,11.094,11.225,11.686,11.893,LOT_003,False,0.335,26.6
C_00130,12.31,12.76,12.719,13.316,LOT_003,False,0.369,37.0
C_00131,11.989,12.03,12.412,12.803,LOT_003,False,0.389,44.8
C_00132,11.915,12.201,13.106,12.458,LOT_003,False,0.368,36.3
C_00133,12.92,12.969,13.713,13.481,LOT_003,False,0.366,36.0
C_00134,12.312,12.717,12.613,12.791,LOT_003,False,0.348,29.9
C_00135,12.574,12.936,13.456,12.719,LOT_003,False,0.286,16.4
C_00136,12.893,13.088,13.252,13.228,LOT_003,False,0.344,28.9
C_00137,13.191,13.568,13.684,13.678,LOT_003,False,0.339,27.5
C_00138,12.887,13.302,13.843,14.152,LOT_003,False,0.413,56.8
C_00139,12.732,17.004,24.316,29.417,LOT_003,True,0.662,644.0
C_00140,12.51,12.626,13.089,12.869,LOT_003,False,0.304,19.5
C_00141,11.76,12.064,12.374,12.583,LOT_003,False,0.368,36.5
C_00142,12.391,12.724,12.903,13.646,LOT_003,False,0.34,27.8
C_00143,13.648,13.882,14.693,13.853,LOT_003,False,0.352,31.4
C_00144,12.394,12.345,12.955,13.162,LOT_003,False,0.351,30.8
C_00145,13.612,13.672,14.001,14.672,LOT_003,False,0.361,34.1
C_00146,11.553,11.369,11.665,11.829,LOT_003,False,0.303,19.2
C_00147,13.74,13.681,14.438,14.386,LOT_003,False,0.334,26.1
C_00148,11.557,11.687,11.481,12.13,LOT_003,False,0.32,22.7
C_00149,13.09,13.445,13.797,13.82,LOT_003,False,0.35,30.5
C_00150,13.979,14.144,13.543,13.824,LOT_003,False,0.34,27.7
C_00151,11.986,11.96,11.992,12.111,LOT_003,False,0.297,18.3
C_00152,12.235,12.3,13.023,13.397,LOT_003,False,0.441,74.7
C_00153,11.364,12.034,11.851,12.268,LOT_003,False,0.278,15.1
C_00154,13.481,13.264,13.779,13.945,LOT_003,False,0.314,21.5
C_00155,11.296,11.962,12.192,12.061,LOT_003,False,0.303,19.3
C_00156,13.461,13.081,14.143,13.838,LOT_003,False,0.375,39.0
C_00157,12.7,12.513,13.431,13.782,LOT_003,False,0.334,26.1
C_00158,13.122,13.044,13.722,13.316,LOT_003,False,0.321,23.1
C_00159,12.753,12.986,13.212,13.911,LOT_003,False,0.382,41.8
C_00160,13.045,13.611,13.956,14.595,LOT_003,False,0.411,55.8
C_00161,8.79,9.517,9.718,10.01,LOT_004,False,0.398,48.8
C_00162,9.299,9.464,9.915,9.931,LOT_004,False,0.43,67.0
C_00163,9.525,9.639,9.959,9.635,LOT_004,False,0.287,16.5
C_00164,9.507,10.07,9.499,10.129,LOT_004,False,0.34,27.8
C_00165,9.838,10.182,9.94,10.17,LOT_004,False,0.323,23.5
C_00166,9.939,9.736,10.256,10.529,LOT_004,False,0.32,22.7
C_00167,8.08,8.317,8.806,8.827,LOT_004,False,0.345,29.2
C_00168,10.875,10.445,10.599,11.061,LOT_004,False,0.369,36.8
C_00169,9.046,11.714,16.552,19.832,LOT_004,True,0.664,658.5
C_00170,9.732,12.323,15.798,18.498,LOT_004,True,0.655,602.6
C_00171,9.218,8.848,9.492,9.4,LOT_004,False,0.34,27.7
C_00172,8.819,8.602,9.344,9.527,LOT_004,False,0.403,51.5
C_00173,9.3,9.467,9.918,10.049,LOT_004,False,0.365,35.3
C_00174,9.121,9.443,9.197,9.592,LOT_004,False,0.343,28.7
C_00175,8.988,8.768,9.743,9.755,LOT_004,False,0.409,54.6
C_00176,9.539,9.633,9.69,9.759,LOT_004,False,0.294,17.6
C_00177,9.52,9.513,10.28,9.769,LOT_004,False,0.376,39.5
C_00178,10.242,10.329,10.286,10.349,LOT_004,False,0.316,21.9
C_00179,9.325,9.884,10.267,10.494,LOT_004,False,0.406,53.0
C_00180,8.831,9.252,9.319,9.35,LOT_004,False,0.313,21.3
C_00181,8.648,8.524,9.292,9.236,LOT_004,False,0.395,47.5
C_00182,10.45,18.462,31.277,40.787,LOT_004,True,0.753,1575.1
C_00183,10.116,10.598,10.532,10.824,LOT_004,False,0.345,29.3
C_00184,8.812,8.73,8.958,9.13,LOT_004,False,0.368,36.6
C_00185,8.919,9.507,9.832,10.499,LOT_004,False,0.395,47.5
C_00186,9.165,9.313,9.716,10.075,LOT_004,False,0.418,59.7
C_00187,9.804,9.721,9.951,9.921,LOT_004,False,0.295,17.9
C_00188,8.874,9.297,9.087,9.301,LOT_004,False,0.306,19.9
C_00189,10.118,9.749,10.407,11.002,LOT_004,False,0.363,34.8
C_00190,8.946,9.155,9.746,9.756,LOT_004,False,0.372,37.9
C_00191,8.604,9.126,9.235,9.269,LOT_004,False,0.273,14.4
C_00192,10.07,10.184,10.334,10.62,LOT_004,False,0.343,28.6
C_00193,10.048,10.308,10.979,10.734,LOT_004,False,0.312,21.0
C_00194,9.368,9.202,9.585,9.991,LOT_004,False,0.346,29.4
C_00195,8.346,8.27,8.544,8.641,LOT_004,False,0.321,23.1
C_00196,9.758,9.707,9.857,10.06,LOT_004,False,0.344,28.9
C_00197,8.358,8.76,8.913,9.158,LOT_004,False,0.356,32.6
C_00198,8.645,8.159,8.693,8.912,LOT_004,False,0.3,18.7
C_00199,9.276,9.234,10.017,9.765,LOT_004,False,0.322,23.3
C_00200,8.384,8.641,8.762,8.822,LOT_004,False,0.294,17.6
C_00201,9.961,10.351,10.905,10.88,LOT_005,False,0.395,47.7
C_00202,10.101,10.229,10.364,10.289,LOT_005,False,0.335,26.4
C_00203,11.901,12.285,12.236,12.464,LOT_005,False,0.279,15.3
C_00204,10.736,10.661,11.038,10.723,LOT_005,False,0.395,47.7
C_00205,10.601,10.122,10.835,10.737,LOT_005,False,0.349,30.4
C_00206,9.292,9.623,9.381,9.784,LOT_005,False,0.37,37.3
C_00207,10.897,11.4,11.382,11.281,LOT_005,False,0.343,28.6
C_00208,9.459,9.465,10.043,9.505,LOT_005,False,0.366,35.6
C_00209,11.447,11.568,11.854,11.787,LOT_005,False,0.398,48.8
C_00210,9.258,9.096,9.706,9.678,LOT_005,False,0.355,32.3
C_00211,10.004,10.422,10.122,10.436,LOT_005,False,0.29,17.0
C_00212,10.328,10.222,10.405,10.683,LOT_005,False,0.344,29.0
C_00213,10.173,10.668,10.498,10.711,LOT_005,False,0.331,25.5
C_00214,8.771,8.996,9.261,9.141,LOT_005,False,0.359,33.6
C_00215,8.702,9.013,9.028,9.137,LOT_005,False,0.376,39.3
C_00216,9.335,9.959,9.984,9.913,LOT_005,False,0.392,46.1
C_00217,9.942,10.062,10.165,10.019,LOT_005,False,0.353,31.5
C_00218,10.673,10.936,10.906,11.367,LOT_005,False,0.295,17.9
C_00219,9.367,9.672,9.695,10.081,LOT_005,False,0.377,39.8
C_00220,10.122,10.109,10.426,10.61,LOT_005,False,0.324,23.7
C_00221,10.2,10.181,10.272,10.523,LOT_005,False,0.303,19.3
C_00222,10.709,10.903,10.713,11.436,LOT_005,False,0.313,21.4
C_00223,10.235,10.84,10.786,10.695,LOT_005,False,0.296,18.1
C_00224,9.894,9.501,10.035,10.291,LOT_005,False,0.378,40.1
C_00225,9.901,10.338,10.499,10.649,LOT_005,False,0.361,34.1
C_00226,9.952,10.029,10.256,9.942,LOT_005,False,0.348,30.1
C_00227,9.884,9.995,10.606,10.653,LOT_005,False,0.352,31.1
C_00228,10.098,10.095,9.915,10.625,LOT_005,False,0.377,39.7
C_00229,10.868,11.092,10.669,10.876,LOT_005,False,0.315,21.7
C_00230,10.441,10.409,10.526,10.49,LOT_005,False,0.305,19.8
C_00231,9.901,9.513,9.644,9.57,LOT_005,False,0.327,24.3
C_00232,9.473,9.722,9.726,9.987,LOT_005,False,0.335,26.3
C_00233,9.937,12.717,17.179,19.7,LOT_005,True,0.694,884.9
C_00234,10.873,11.18,11.098,11.334,LOT_005,False,0.362,34.3
C_00235,9.728,9.658,10.273,10.562,LOT_005,False,0.325,24.1
C_00236,9.198,9.425,9.192,9.727,LOT_005,False,0.379,40.7
C_00237,10.623,10.307,10.312,10.155,LOT_005,False,0.288,16.6
C_00238,9.838,11.52,13.962,15.936,LOT_005,True,0.646,551.4
C_00239,10.213,10.382,10.445,10.763,LOT_005,False,0.375,39.0
C_00240,10.853,10.099,10.802,11.283,LOT_005,False,0.372,38.0
C_00241,10.201,10.036,10.27,10.266,LOT_006,False,0.273,14.4
C_00242,9.869,10.373,9.959,10.643,LOT_006,False,0.281,15.6
C_00243,8.721,9.065,8.989,8.943,LOT_006,False,0.323,23.5
C_00244,8.429,9.009,8.818,8.959,LOT_006,False,0.32,22.8
C_00245,9.41,9.171,9.587,9.721,LOT_006,False,0.359,33.3
C_00246,9.114,9.448,9.58,9.657,LOT_006,False,0.339,27.5
C_00247,10.1,10.545,10.134,10.715,LOT_006,False,0.341,27.9
C_00248,9.778,9.887,10.413,10.674,LOT_006,False,0.413,56.7
C_00249,9.3,9.334,9.892,10.097,LOT_006,False,0.358,33.1
C_00250,10.238,14.481,21.445,27.44,LOT_006,True,0.703,966.1
C_00251,8.975,13.731,20.505,25.71,LOT_006,True,0.715,1087.6
C_00252,10.112,10.072,10.545,10.377,LOT_006,False,0.299,18.7
C_00253,9.241,9.269,9.729,9.914,LOT_006,False,0.373,38.4
C_00254,8.806,8.851,9.433,9.324,LOT_006,False,0.373,38.2
C_00255,9.303,9.707,9.545,9.95,LOT_006,False,0.355,32.0
C_00256,9.724,10.097,10.91,11.25,LOT_006,False,0.427,64.8
C_00257,9.179,9.654,9.485,9.738,LOT_006,False,0.381,41.3
C_00258,8.326,8.969,8.883,9.026,LOT_006,False,0.326,24.2
C_00259,9.621,9.658,9.918,9.937,LOT_006,False,0.389,44.6
C_00260,9.462,9.606,9.396,9.792,LOT_006,False,0.352,31.3
C_00261,10.044,10.088,10.068,10.111,LOT_006,False,0.304,19.5
C_00262,9.915,10.212,10.33,10.669,LOT_006,False,0.358,33.0
C_00263,9.202,8.911,9.208,9.568,LOT_006,False,0.278,15.1
C_00264,9.175,9.606,10.036,10.362,LOT_006,False,0.406,53.0
C_00265,9.746,9.918,10.206,10.52,LOT_006,False,0.37,37.1
C_00266,9.639,9.776,10.318,9.91,LOT_006,False,0.318,22.3
C_00267,10.159,10.466,10.503,10.801,LOT_006,False,0.354,31.8
C_00268,10.089,10.204,11.085,10.825,LOT_006,False,0.363,34.7
C_00269,9.151,9.337,9.458,9.724,LOT_006,False,0.312,21.2
C_00270,9.058,8.982,9.461,9.368,LOT_006,False,0.359,33.4
C_00271,9.184,9.512,10.142,9.587,LOT_006,False,0.402,50.9
C_00272,9.208,9.131,9.569,9.633,LOT_006,False,0.316,22.0
C_00273,10.333,10.141,10.022,10.421,LOT_006,False,0.374,38.8
C_00274,10.017,9.86,10.097,9.934,LOT_006,False,0.345,29.2
C_00275,9.606,9.78,9.958,10.014,LOT_006,False,0.357,32.8
C_00276,9.723,9.602,9.802,10.15,LOT_006,False,0.354,31.7
C_00277,9.611,15.506,24.48,31.944,LOT_006,True,0.728,1228.6
C_00278,9.58,9.528,9.874,9.847,LOT_006,False,0.324,23.8
C_00279,10.181,9.946,10.21,10.078,LOT_006,False,0.356,32.5
C_00280,10.525,10.609,10.592,10.838,LOT_006,False,0.313,21.3
C_00281,11.741,12.128,12.591,13.114,LOT_007,False,0.37,37.1
C_00282,11.653,11.351,12.026,12.259,LOT_007,False,0.377,39.9
C_00283,11.887,11.867,12.122,12.269,LOT_007,False,0.255,12.1
C_00284,11.422,11.163,11.685,11.849,LOT_007,False,0.276,14.9
C_00285,9.263,9.068,9.789,9.651,LOT_007,False,0.299,18.6
C_00286,11.829,12.397,12.414,12.065,LOT_007,False,0.368,36.6
C_00287,12.547,12.748,13.568,13.073,LOT_007,False,0.398,49.0
C_00288,10.642,11.304,11.706,11.681,LOT_007,False,0.33,25.3
C_00289,11.674,11.793,12.435,12.435,LOT_007,False,0.402,50.7
C_00290,12.252,11.806,12.197,12.568,LOT_007,False,0.338,27.4
C_00291,10.974,11.879,11.674,11.936,LOT_007,False,0.255,12.1
C_00292,10.304,10.567,11.356,11.13,LOT_007,False,0.36,33.9
C_00293,11.561,12.323,13.065,13.02,LOT_007,False,0.409,54.6
C_00294,11.142,11.412,11.711,12.102,LOT_007,False,0.41,55.1
C_00295,10.211,10.423,10.648,10.308,LOT_007,False,0.356,32.5
C_00296,12.07,12.118,12.651,13.543,LOT_007,False,0.451,82.4
C_00297,11.231,10.896,11.783,11.68,LOT_007,False,0.345,29.3
C_00298,11.066,11.445,11.957,11.842,LOT_007,False,0.339,27.5
C_00299,11.467,12.373,12.24,13.04,LOT_007,False,0.395,47.5
C_00300,10.539,10.924,10.898,11.353,LOT_007,False,0.332,25.8
C_00301,11.059,11.016,10.733,11.259,LOT_007,False,0.315,21.8
C_00302,12.839,12.994,12.616,12.759,LOT_007,False,0.282,15.7
C_00303,10.179,9.853,10.065,10.35,LOT_007,False,0.276,14.8
C_00304,10.741,11.449,11.227,11.653,LOT_007,False,0.349,30.4
C_00305,11.031,10.887,11.091,11.322,LOT_007,False,0.311,20.8
C_00306,11.894,12.102,12.763,13.055,LOT_007,False,0.383,42.2
C_00307,11.106,11.425,11.962,11.859,LOT_007,False,0.372,37.8
C_00308,10.124,10.006,10.251,10.349,LOT_007,False,0.3,18.7
C_00309,12.272,12.505,13.059,13.402,LOT_007,False,0.376,39.7
C_00310,11.676,11.51,12.11,11.581,LOT_007,False,0.269,13.8
C_00311,11.475,11.797,12.163,12.034,LOT_007,False,0.346,29.4
C_00312,11.232,11.674,11.477,11.263,LOT_007,False,0.381,41.3
C_00313,12.572,12.644,13.148,13.322,LOT_007,False,0.372,38.0
C_00314,11.581,12.348,12.361,12.777,LOT_007,False,0.386,43.6
C_00315,11.194,15.691,24.064,30.669,LOT_007,True,0.7,941.0
C_00316,12.298,12.172,12.251,12.378,LOT_007,False,0.341,28.2
C_00317,11.156,11.37,11.677,12.238,LOT_007,False,0.396,48.0
C_00318,10.458,10.641,10.808,11.281,LOT_007,False,0.375,38.9
C_00319,10.753,11.39,11.129,11.65,LOT_007,False,0.338,27.1
C_00320,9.618,10.362,10.729,10.93,LOT_007,False,0.366,35.6
C_00321,11.53,11.863,11.83,12.735,LOT_008,False,0.395,47.7
C_00322,10.815,11.233,11.526,11.931,LOT_008,False,0.409,54.5
C_00323,11.27,11.489,11.729,12.018,LOT_008,False,0.31,20.8
C_00324,11.125,12.004,11.973,12.306,LOT_008,False,0.362,34.6
C_00325,9.536,10.364,10.469,11.188,LOT_008,False,0.4,49.7
C_00326,10.349,10.774,11.435,11.331,LOT_008,False,0.397,48.6
C_00327,10.54,10.928,11.3,11.684,LOT_008,False,0.326,24.2
C_00328,11.821,11.659,11.732,12.019,LOT_008,False,0.323,23.4
C_00329,11.369,11.245,11.665,11.844,LOT_008,False,0.317,22.2
C_00330,11.335,11.203,11.722,11.773,LOT_008,False,0.337,26.9
C_00331,10.154,10.018,10.673,11.479,LOT_008,False,0.408,53.9
C_00332,9.239,9.357,9.899,9.978,LOT_008,False,0.401,50.6
C_00333,10.638,10.515,10.919,11.185,LOT_008,False,0.31,20.6
C_00334,10.403,10.706,10.576,10.976,LOT_008,False,0.349,30.4
C_00335,10.281,11.063,11.76,11.87,LOT_008,False,0.413,56.5
C_00336,9.648,10.031,10.476,9.947,LOT_008,False,0.291,17.1
C_00337,10.059,10.127,10.306,10.451,LOT_008,False,0.347,29.9
C_00338,10.057,10.33,10.492,10.696,LOT_008,False,0.384,42.8
C_00339,8.631,8.92,9.06,9.092,LOT_008,False,0.362,34.5
C_00340,10.691,10.401,10.936,11.383,LOT_008,False,0.355,32.0
C_00341,10.352,10.637,11.286,10.809,LOT_008,False,0.327,24.4
C_00342,9.611,9.833,10.24,10.78,LOT_008,False,0.419,60.2
C_00343,11.114,11.027,11.879,12.084,LOT_008,False,0.316,21.9
C_00344,9.923,10.373,10.485,10.451,LOT_008,False,0.343,28.7
C_00345,11.18,11.388,11.616,11.427,LOT_008,False,0.302,19.2
C_00346,9.957,9.936,11.017,11.114,LOT_008,False,0.386,43.3
C_00347,11.0,11.16,12.215,12.055,LOT_008,False,0.373,38.4
C_00348,10.58,10.935,11.238,11.236,LOT_008,False,0.31,20.6
C_00349,10.344,10.901,10.838,10.908,LOT_008,False,0.348,30.0
C_00350,11.062,11.465,11.574,11.959,LOT_008,False,0.377,39.9
C_00351,11.002,11.482,10.898,11.551,LOT_008,False,0.311,20.9
C_00352,9.989,10.082,10.391,10.439,LOT_008,False,0.325,23.9
C_00353,10.582,11.211,11.688,11.626,LOT_008,False,0.38,41.1
C_00354,10.013,11.209,11.083,11.934,LOT_008,False,0.424,62.9
C_00355,9.916,10.031,10.53,10.554,LOT_008,False,0.37,37.1
C_00356,10.969,11.117,11.626,11.932,LOT_008,False,0.373,38.4
C_00357,11.344,11.247,11.274,12.011,LOT_008,False,0.344,28.8
C_00358,10.201,14.655,21.315,27.616,LOT_008,True,0.688,834.7
C_00359,9.656,9.937,9.789,10.264,LOT_008,False,0.37,37.4
C_00360,9.0,9.308,9.537,9.987,LOT_008,False,0.355,32.1
C_00361,11.19,11.219,11.249,11.371,LOT_009,False,0.35,30.6
C_00362,10.493,10.593,10.735,10.719,LOT_009,False,0.346,29.5
C_00363,10.299,10.2,10.81,10.56,LOT_009,False,0.315,21.9
C_00364,10.143,10.681,10.704,11.366,LOT_009,False,0.396,47.9
C_00365,9.259,9.408,9.034,9.48,LOT_009,False,0.364,35.2
C_00366,10.364,10.768,10.846,10.806,LOT_009,False,0.299,18.6
C_00367,10.413,10.478,10.23,9.913,LOT_009,False,0.32,22.9
C_00368,11.621,11.641,11.505,11.535,LOT_009,False,0.334,26.2
C_00369,10.661,10.957,10.738,11.338,LOT_009,False,0.414,57.2
C_00370,9.956,10.311,10.282,10.335,LOT_009,False,0.249,11.4
C_00371,9.436,9.691,9.525,10.206,LOT_009,False,0.349,30.3
C_00372,11.618,11.739,11.767,12.043,LOT_009,False,0.349,30.2
C_00373,10.333,9.971,10.443,10.205,LOT_009,False,0.345,29.2
C_00374,9.848,9.668,9.998,9.934,LOT_009,False,0.332,25.7
C_00375,10.172,10.361,11.471,11.429,LOT_009,False,0.446,78.0
C_00376,10.799,15.958,22.47,26.827,LOT_009,True,0.724,1186.2
C_00377,10.126,10.248,10.541,10.849,LOT_009,False,0.38,40.9
C_00378,9.566,9.906,10.688,10.639,LOT_009,False,0.392,46.3
C_00379,9.982,10.21,10.602,10.642,LOT_009,False,0.351,30.8
C_00380,9.695,9.74,9.846,9.812,LOT_009,False,0.364,35.2
C_00381,11.04,11.302,11.318,11.613,LOT_009,False,0.345,29.2
C_00382,10.716,10.915,11.356,11.46,LOT_009,False,0.407,53.4
C_00383,10.028,10.413,10.328,10.866,LOT_009,False,0.331,25.4
C_00384,10.275,13.851,17.617,21.087,LOT_009,True,0.7,938.8
C_00385,9.229,9.535,9.41,9.639,LOT_009,False,0.381,41.4
C_00386,9.971,10.046,10.377,10.056,LOT_009,False,0.306,19.8
C_00387,10.323,10.827,10.694,11.402,LOT_009,False,0.389,44.7
C_00388,11.325,11.063,11.305,11.69,LOT_009,False,0.324,23.7
C_00389,10.35,10.179,10.444,10.78,LOT_009,False,0.352,31.2
C_00390,11.542,11.375,11.7,11.696,LOT_009,False,0.381,41.5
C_00391,10.69,10.75,10.983,10.976,LOT_009,False,0.357,32.9
C_00392,9.782,10.06,10.107,10.255,LOT_009,False,0.365,35.4
C_00393,11.594,11.305,12.284,11.743,LOT_009,False,0.393,46.4
C_00394,10.096,10.613,10.483,10.619,LOT_009,False,0.365,35.4
C_00395,10.462,11.303,10.826,10.677,LOT_009,False,0.345,29.1
C_00396,10.474,10.334,10.715,10.591,LOT_009,False,0.372,37.9
C_00397,9.931,10.054,9.961,10.171,LOT_009,False,0.302,19.2
C_00398,10.986,10.814,10.872,11.165,LOT_009,False,0.357,32.8
C_00399,10.64,10.79,10.668,10.724,LOT_009,False,0.295,17.9
C_00400,10.641,10.215,10.532,10.852,LOT_009,False,0.303,19.3
C_00401,9.26,9.609,9.91,10.3,LOT_010,False,0.394,47.2
C_00402,9.326,9.851,9.975,9.814,LOT_010,False,0.348,29.9
C_00403,10.79,10.671,11.068,11.861,LOT_010,False,0.39,45.3
C_00404,8.744,9.23,9.1,9.468,LOT_010,False,0.347,29.9
C_00405,8.982,9.281,9.558,9.853,LOT_010,False,0.385,43.0
C_00406,10.185,10.334,10.479,10.377,LOT_010,False,0.316,21.9
C_00407,9.986,9.885,10.646,10.604,LOT_010,False,0.357,32.9
C_00408,9.067,16.196,27.891,37.464,LOT_010,True,0.758,1645.6
C_00409,9.211,9.307,9.462,10.006,LOT_010,False,0.366,35.7
C_00410,9.184,9.688,9.299,9.698,LOT_010,False,0.335,26.4
C_00411,10.765,10.553,11.287,11.076,LOT_010,False,0.381,41.4
C_00412,9.318,9.269,9.623,9.538,LOT_010,False,0.309,20.5
C_00413,9.78,9.996,10.526,10.49,LOT_010,False,0.348,29.9
C_00414,11.417,11.237,11.713,11.972,LOT_010,False,0.371,37.5
C_00415,9.561,9.521,9.684,10.225,LOT_010,False,0.356,32.3
C_00416,8.716,8.855,8.943,9.148,LOT_010,False,0.337,27.1
C_00417,9.108,8.886,9.353,9.589,LOT_010,False,0.34,27.6
C_00418,9.053,9.451,9.927,10.31,LOT_010,False,0.37,37.1
C_00419,8.692,8.87,8.811,9.133,LOT_010,False,0.341,28.0
C_00420,9.43,9.954,10.157,10.202,LOT_010,False,0.318,22.3
C_00421,9.29,9.613,9.372,9.693,LOT_010,False,0.26,12.7
C_00422,9.374,9.53,9.948,10.252,LOT_010,False,0.355,32.1
C_00423,9.8,14.314,21.797,27.938,LOT_010,True,0.69,852.1
C_00424,9.362,9.337,9.827,9.95,LOT_010,False,0.367,36.2
C_00425,9.153,8.971,9.239,9.069,LOT_010,False,0.308,20.3
C_00426,9.93,9.627,10.011,10.652,LOT_010,False,0.383,42.3
C_00427,9.282,9.13,9.583,10.312,LOT_010,False,0.417,58.9
C_00428,9.035,9.024,9.44,9.398,LOT_010,False,0.353,31.4
C_00429,10.18,10.284,10.485,10.893,LOT_010,False,0.311,20.9
C_00430,8.602,8.602,9.315,9.428,LOT_010,False,0.406,53.0
C_00431,9.345,9.619,9.994,10.628,LOT_010,False,0.427,65.0
C_00432,9.251,9.148,9.88,10.351,LOT_010,False,0.389,44.9
C_00433,10.136,10.386,10.766,10.762,LOT_010,False,0.316,22.0
C_00434,9.11,9.062,8.619,9.299,LOT_010,False,0.295,17.8
C_00435,8.712,8.5,9.015,8.685,LOT_010,False,0.338,27.2
C_00436,10.327,10.508,10.852,10.98,LOT_010,False,0.351,30.8
C_00437,9.869,9.847,10.187,10.547,LOT_010,False,0.361,34.0
C_00438,10.542,10.429,10.866,10.901,LOT_010,False,0.348,30.1
C_00439,10.185,9.914,10.19,10.328,LOT_010,False,0.302,19.2
C_00440,10.0,9.935,9.935,10.183,LOT_010,False,0.294,17.8
C_00441,9.194,9.428,10.059,9.951,LOT_011,False,0.352,31.1
C_00442,8.977,9.352,9.336,9.472,LOT_011,False,0.346,29.3
C_00443,10.316,10.634,10.831,10.844,LOT_011,False,0.337,26.9
C_00444,9.974,9.705,10.088,9.923,LOT_011,False,0.324,23.8
C_00445,10.49,10.569,10.801,10.912,LOT_011,False,0.282,15.7
C_00446,10.32,10.768,11.015,10.954,LOT_011,False,0.355,32.0
C_00447,10.381,10.46,10.614,10.684,LOT_011,False,0.384,42.7
C_00448,9.859,10.397,10.883,10.63,LOT_011,False,0.357,32.9
C_00449,10.153,10.227,10.683,11.082,LOT_011,False,0.431,67.8
C_00450,11.549,11.051,11.23,11.122,LOT_011,False,0.368,36.5
C_00451,10.811,10.876,11.552,11.422,LOT_011,False,0.447,78.8
C_00452,10.237,10.398,10.6,10.443,LOT_011,False,0.348,30.2
C_00453,10.581,10.799,10.728,10.772,LOT_011,False,0.322,23.3
C_00454,9.707,10.41,10.697,11.016,LOT_011,False,0.431,67.5
C_00455,9.293,9.599,10.065,9.974,LOT_011,False,0.345,29.1
C_00456,8.885,9.171,9.276,10.035,LOT_011,False,0.417,58.7
C_00457,10.798,11.064,11.238,11.367,LOT_011,False,0.352,31.2
C_00458,9.79,10.053,10.511,10.631,LOT_011,False,0.427,64.8
C_00459,9.611,9.554,10.02,10.161,LOT_011,False,0.287,16.5
C_00460,10.671,10.107,10.53,10.324,LOT_011,False,0.273,14.4
C_00461,9.465,9.498,9.965,9.842,LOT_011,False,0.372,38.1
C_00462,11.473,11.263,11.72,12.552,LOT_011,False,0.404,51.9
C_00463,9.278,9.619,9.63,9.785,LOT_011,False,0.343,28.7
C_00464,10.361,10.315,10.441,10.708,LOT_011,False,0.341,28.0
C_00465,9.671,10.107,10.213,10.34,LOT_011,False,0.353,31.6
C_00466,10.137,10.103,10.644,10.594,LOT_011,False,0.378,40.2
C_00467,10.238,10.799,10.337,10.566,LOT_011,False,0.36,33.7
C_00468,9.546,9.546,10.021,10.07,LOT_011,False,0.412,56.0
C_00469,11.804,11.548,12.194,11.958,LOT_011,False,0.335,26.5
C_00470,9.724,9.947,9.977,10.482,LOT_011,False,0.38,41.2
C_00471,9.777,9.801,10.259,10.375,LOT_011,False,0.38,41.2
C_00472,10.199,10.724,10.978,11.261,LOT_011,False,0.38,41.1
C_00473,9.034,9.588,9.359,9.669,LOT_011,False,0.368,36.7
C_00474,11.024,11.489,11.107,11.198,LOT_011,False,0.301,19.0
C_00475,9.671,9.537,9.88,10.415,LOT_011,False,0.379,40.6
C_00476,9.796,10.017,9.444,9.888,LOT_011,False,0.32,22.8
C_00477,9.809,9.895,10.14,10.556,LOT_011,False,0.366,35.9
C_00478,9.831,10.217,10.471,10.362,LOT_011,False,0.357,32.9
C_00479,9.777,9.885,9.777,9.924,LOT_011,False,0.34,27.7
C_00480,9.877,10.024,10.013,10.074,LOT_011,False,0.319,22.6
C_00481,9.505,10.202,11.147,11.059,LOT_012,False,0.424,63.1
C_00482,10.073,10.261,10.014,10.273,LOT_012,False,0.32,22.9
C_00483,9.693,9.486,10.262,9.798,LOT_012,False,0.366,35.7
C_00484,10.155,10.286,10.442,10.825,LOT_012,False,0.417,58.7
C_00485,9.103,8.943,9.434,9.444,LOT_012,False,0.366,35.8
C_00486,9.998,9.979,10.379,10.624,LOT_012,False,0.399,49.6
C_00487,8.89,9.261,8.956,9.072,LOT_012,False,0.293,17.6
C_00488,9.547,9.26,9.694,9.575,LOT_012,False,0.363,34.7
C_00489,8.594,9.177,9.486,9.062,LOT_012,False,0.308,20.3
C_00490,8.371,8.611,8.78,8.872,LOT_012,False,0.34,27.8
C_00491,9.312,13.559,19.645,24.511,LOT_012,True,0.723,1177.4
C_00492,9.377,9.415,9.634,10.006,LOT_012,False,0.38,41.1
C_00493,9.777,9.902,10.555,10.923,LOT_012,False,0.409,54.6
C_00494,10.557,10.477,11.234,10.791,LOT_012,False,0.271,14.2
C_00495,10.005,9.751,9.806,10.297,LOT_012,False,0.27,14.0
C_00496,9.938,10.005,10.156,10.362,LOT_012,False,0.332,25.6
C_00497,9.179,8.877,9.228,9.365,LOT_012,False,0.359,33.4
C_00498,10.182,10.321,10.358,10.656,LOT_012,False,0.381,41.5
C_00499,8.97,9.332,9.312,9.611,LOT_012,False,0.368,36.4
C_00500,10.1,10.11,10.126,10.537,LOT_012,False,0.323,23.5
C_00501,9.896,10.21,10.848,10.949,LOT_012,False,0.44,73.5
C_00502,10.354,10.19,10.358,10.85,LOT_012,False,0.36,33.8
C_00503,9.677,9.477,9.638,9.911,LOT_012,False,0.35,30.7
C_00504,9.455,9.353,9.75,10.137,LOT_012,False,0.375,39.2
C_00505,9.367,9.374,9.674,9.876,LOT_012,False,0.356,32.6
C_00506,9.749,12.175,15.793,18.641,LOT_012,True,0.649,572.1
C_00507,10.208,10.552,10.686,10.918,LOT_012,False,0.346,29.5
C_00508,10.358,10.145,10.355,10.673,LOT_012,False,0.346,29.5
C_00509,8.9,9.39,9.582,9.717,LOT_012,False,0.347,29.7
C_00510,8.995,9.102,9.222,9.621,LOT_012,False,0.317,22.2
C_00511,9.838,9.795,9.791,10.171,LOT_012,False,0.335,26.5
C_00512,10.871,11.391,11.077,11.744,LOT_012,False,0.352,31.4
C_00513,10.087,10.005,10.699,10.38,LOT_012,False,0.341,28.1
C_00514,8.38,8.653,8.934,8.944,LOT_012,False,0.401,50.4
C_00515,9.503,9.282,9.418,9.541,LOT_012,False,0.326,24.1
C_00516,9.192,9.521,9.472,9.633,LOT_012,False,0.364,35.2
C_00517,10.38,10.275,10.518,11.046,LOT_012,False,0.319,22.7
C_00518,9.839,9.385,9.459,9.938,LOT_012,False,0.362,34.5
C_00519,9.51,10.035,10.797,10.883,LOT_012,False,0.43,66.8
C_00520,9.645,9.688,9.724,9.498,LOT_012,False,0.328,24.6
C_00521,8.123,8.381,8.618,8.808,LOT_013,False,0.362,34.5
C_00522,8.357,8.584,8.665,8.32,LOT_013,False,0.32,22.9
C_00523,9.439,9.104,9.303,9.394,LOT_013,False,0.353,31.6
C_00524,8.172,8.33,8.336,8.887,LOT_013,False,0.435,70.2
C_00525,8.604,8.459,8.321,8.798,LOT_013,False,0.284,16.1
C_00526,9.269,9.392,9.23,9.374,LOT_013,False,0.34,27.7
C_00527,8.695,9.018,9.109,9.068,LOT_013,False,0.345,29.1
C_00528,8.749,8.18,8.479,8.814,LOT_013,False,0.415,57.8
C_00529,9.608,12.126,15.238,18.116,LOT_013,True,0.677,745.9
C_00530,8.695,8.91,8.922,8.852,LOT_013,False,0.358,33.2
C_00531,8.062,8.206,8.155,8.584,LOT_013,False,0.359,33.4
C_00532,8.058,8.456,8.153,8.721,LOT_013,False,0.369,37.0
C_00533,8.143,8.469,8.355,8.486,LOT_013,False,0.362,34.3
C_00534,8.361,8.536,8.976,9.357,LOT_013,False,0.396,48.2
C_00535,8.149,8.171,8.713,8.174,LOT_013,False,0.381,41.3
C_00536,8.056,8.138,8.328,8.488,LOT_013,False,0.334,26.1
C_00537,7.624,7.735,7.696,7.686,LOT_013,False,0.315,21.8
C_00538,8.191,8.286,8.482,8.549,LOT_013,False,0.332,25.7
C_00539,9.523,9.587,9.745,9.894,LOT_013,False,0.363,34.9
C_00540,8.221,11.996,15.462,18.505,LOT_013,True,0.721,1156.3
C_00541,8.642,8.601,8.691,8.347,LOT_013,False,0.313,21.3
C_00542,7.895,7.813,8.156,8.19,LOT_013,False,0.411,55.7
C_00543,8.267,8.239,8.278,8.466,LOT_013,False,0.268,13.8
C_00544,7.24,7.194,7.496,7.356,LOT_013,False,0.366,35.9
C_00545,7.956,11.727,15.925,19.087,LOT_013,True,0.73,1251.4
C_00546,8.178,8.111,8.163,8.336,LOT_013,False,0.263,13.0
C_00547,8.251,7.803,7.983,8.256,LOT_013,False,0.305,19.6
C_00548,7.812,7.798,8.235,8.22,LOT_013,False,0.428,65.5
C_00549,8.746,8.983,8.63,8.699,LOT_013,False,0.285,16.2
C_00550,8.36,8.408,8.735,8.749,LOT_013,False,0.353,31.4
C_00551,9.089,9.322,9.385,9.168,LOT_013,False,0.347,29.6
C_00552,8.311,8.306,8.805,8.756,LOT_013,False,0.38,41.0
C_00553,8.833,9.117,9.26,9.717,LOT_013,False,0.396,48.1
C_00554,7.697,7.525,7.96,8.007,LOT_013,False,0.342,28.4
C_00555,8.587,8.75,9.093,8.733,LOT_013,False,0.333,26.0
C_00556,7.959,7.974,8.295,8.149,LOT_013,False,0.354,31.9
C_00557,8.38,8.737,8.287,8.389,LOT_013,False,0.296,18.1
C_00558,8.698,8.517,8.934,8.96,LOT_013,False,0.365,35.5
C_00559,8.297,8.363,9.096,9.172,LOT_013,False,0.447,79.1
C_00560,8.796,8.84,8.952,9.008,LOT_013,False,0.36,33.9
C_00561,10.199,10.32,11.164,10.947,LOT_014,False,0.418,59.4
C_00562,9.81,9.631,10.344,10.377,LOT_014,False,0.363,34.7
C_00563,11.045,11.643,11.58,11.283,LOT_014,False,0.298,18.4
C_00564,11.177,10.857,11.229,11.56,LOT_014,False,0.34,27.6
C_00565,10.196,10.596,10.679,10.857,LOT_014,False,0.338,27.3
C_00566,9.63,10.169,10.257,10.279,LOT_014,False,0.341,27.9
C_00567,9.396,9.755,9.682,10.174,LOT_014,False,0.35,30.5
C_00568,10.81,10.767,10.301,11.229,LOT_014,False,0.276,14.8
C_00569,9.863,10.254,10.823,11.007,LOT_014,False,0.39,45.2
C_00570,10.948,10.839,11.362,11.467,LOT_014,False,0.382,41.7
C_00571,10.728,10.725,10.67,11.086,LOT_014,False,0.227,9.2
C_00572,9.871,9.882,9.862,9.734,LOT_014,False,0.362,34.6
C_00573,11.03,11.412,11.268,11.591,LOT_014,False,0.336,26.7
C_00574,11.424,11.735,12.014,11.804,LOT_014,False,0.282,15.7
C_00575,11.068,11.475,11.977,11.986,LOT_014,False,0.385,43.0
C_00576,10.523,10.435,11.201,10.896,LOT_014,False,0.372,38.1
C_00577,10.438,10.762,11.697,11.106,LOT_014,False,0.43,66.7
C_00578,12.231,12.443,12.924,13.387,LOT_014,False,0.374,38.6
C_00579,9.966,9.985,10.284,10.617,LOT_014,False,0.381,41.7
C_00580,10.491,10.702,10.812,11.372,LOT_014,False,0.302,19.2
C_00581,10.888,11.206,11.277,11.656,LOT_014,False,0.349,30.4
C_00582,9.832,10.152,10.421,10.504,LOT_014,False,0.39,45.1
C_00583,10.053,12.962,16.959,20.832,LOT_014,True,0.667,678.5
C_00584,11.162,10.979,11.803,12.291,LOT_014,False,0.382,41.8
C_00585,10.862,17.048,27.261,35.605,LOT_014,True,0.746,1473.2
C_00586,9.98,9.96,10.065,10.442,LOT_014,False,0.325,24.0
C_00587,11.049,11.356,11.725,12.002,LOT_014,False,0.362,34.3
C_00588,11.089,15.38,23.014,28.549,LOT_014,True,0.7,940.1
C_00589,10.903,10.992,10.961,11.46,LOT_014,False,0.336,26.7
C_00590,10.076,10.454,10.811,10.514,LOT_014,False,0.415,58.1
C_00591,10.722,10.533,10.559,10.985,LOT_014,False,0.336,26.6
C_00592,9.952,10.454,10.714,10.689,LOT_014,False,0.338,27.3
C_00593,11.006,11.137,11.345,11.475,LOT_014,False,0.348,30.1
C_00594,10.608,11.269,11.269,11.427,LOT_014,False,0.301,18.9
C_00595,11.843,11.536,11.829,12.142,LOT_014,False,0.326,24.1
C_00596,10.786,10.767,11.629,11.402,LOT_014,False,0.414,57.4
C_00597,10.783,10.641,10.918,10.642,LOT_014,False,0.244,10.9
C_00598,10.729,10.443,10.918,11.043,LOT_014,False,0.351,31.0
C_00599,9.797,9.47,9.387,10.273,LOT_014,False,0.35,30.8
C_00600,11.428,11.249,11.429,11.663,LOT_014,False,0.315,21.7
C_00601,10.231,10.333,10.601,10.758,LOT_015,False,0.297,18.2
C_00602,10.138,11.19,11.019,11.379,LOT_015,False,0.348,30.1
C_00603,10.229,10.641,10.583,10.808,LOT_015,False,0.323,23.5
C_00604,11.025,11.311,11.527,11.464,LOT_015,False,0.274,14.6
C_00605,9.439,9.5,9.452,9.49,LOT_015,False,0.309,20.6
C_00606,10.758,10.688,11.234,11.463,LOT_015,False,0.385,43.0
C_00607,12.243,11.693,12.047,12.199,LOT_015,False,0.28,15.4
C_00608,9.729,9.638,10.125,10.174,LOT_015,False,0.374,38.6
C_00609,12.071,11.908,12.302,12.622,LOT_015,False,0.354,31.8
C_00610,11.003,11.35,11.918,12.02,LOT_015,False,0.373,38.4
C_00611,11.282,15.603,24.068,30.386,LOT_015,True,0.688,832.0
C_00612,9.929,10.175,10.486,10.443,LOT_015,False,0.317,22.1
C_00613,9.355,9.864,9.965,10.088,LOT_015,False,0.353,31.5
C_00614,10.427,10.561,10.547,11.243,LOT_015,False,0.346,29.5
C_00615,9.732,9.633,10.119,10.204,LOT_015,False,0.348,30.0
C_00616,9.81,10.286,10.631,10.898,LOT_015,False,0.395,47.5
C_00617,11.601,12.031,11.947,12.797,LOT_015,False,0.371,37.8
C_00618,10.723,10.98,11.647,11.711,LOT_015,False,0.329,25.0
C_00619,10.459,10.839,10.85,11.779,LOT_015,False,0.384,42.6
C_00620,10.509,10.635,11.041,11.064,LOT_015,False,0.265,13.3
C_00621,10.009,10.331,10.75,10.867,LOT_015,False,0.355,32.2
C_00622,11.143,11.377,11.575,11.784,LOT_015,False,0.24,10.5
C_00623,11.445,10.896,11.631,11.881,LOT_015,False,0.358,33.1
C_00624,10.322,10.443,10.81,11.346,LOT_015,False,0.383,42.3
C_00625,10.246,10.596,10.966,11.182,LOT_015,False,0.381,41.5
C_00626,10.893,10.709,11.096,11.315,LOT_015,False,0.286,16.4
C_00627,9.667,9.83,10.369,10.597,LOT_015,False,0.417,58.9
C_00628,9.943,10.3,10.255,11.081,LOT_015,False,0.394,47.0
C_00629,11.362,11.54,11.39,11.741,LOT_015,False,0.275,14.6
C_00630,10.857,11.247,11.303,11.76,LOT_015,False,0.319,22.6
C_00631,9.104,9.323,9.91,10.41,LOT_015,False,0.405,52.4
C_00632,10.753,17.649,29.583,39.028,LOT_015,True,0.738,1363.7
C_00633,10.465,10.726,10.882,11.157,LOT_015,False,0.308,20.3
C_00634,11.113,11.332,11.985,11.661,LOT_015,False,0.323,23.5
C_00635,10.857,10.714,10.969,11.295,LOT_015,False,0.367,36.0
C_00636,10.305,16.127,25.997,34.64,LOT_015,True,0.725,1195.4
C_00637,11.069,11.0,11.46,11.864,LOT_015,False,0.296,18.1
C_00638,10.206,10.08,10.303,10.281,LOT_015,False,0.315,21.7
C_00639,10.369,10.501,10.799,11.157,LOT_015,False,0.34,27.7
C_00640,10.869,11.385,11.652,11.596,LOT_015,False,0.382,41.9
C_00641,10.515,10.63,10.641,11.006,LOT_016,False,0.369,36.9
C_00642,8.891,8.985,8.927,9.205,LOT_016,False,0.328,24.8
C_00643,7.685,8.047,8.395,8.106,LOT_016,False,0.331,25.3
C_00644,8.863,9.293,9.462,9.406,LOT_016,False,0.415,57.9
C_00645,9.881,9.702,10.466,10.294,LOT_016,False,0.325,24.0
C_00646,9.391,9.666,9.465,9.37,LOT_016,False,0.274,14.6
C_00647,9.438,9.542,9.319,9.768,LOT_016,False,0.432,68.5
C_00648,9.634,9.479,9.912,10.122,LOT_016,False,0.348,29.9
C_00649,10.062,10.266,10.411,10.594,LOT_016,False,0.354,32.0
C_00650,10.025,10.238,10.533,10.533,LOT_016,False,0.353,31.5
C_00651,8.659,8.803,8.999,8.896,LOT_016,False,0.284,16.1
C_00652,10.141,9.995,10.135,10.646,LOT_016,False,0.328,24.7
C_00653,10.223,10.213,10.602,10.675,LOT_016,False,0.387,44.0
C_00654,9.612,9.291,9.699,10.343,LOT_016,False,0.365,35.3
C_00655,9.329,9.509,9.816,9.605,LOT_016,False,0.315,21.7
C_00656,10.734,10.465,10.57,10.515,LOT_016,False,0.392,46.3
C_00657,10.592,10.43,11.181,11.107,LOT_016,False,0.418,59.7
C_00658,9.841,9.984,9.889,10.208,LOT_016,False,0.371,37.6
C_00659,8.599,8.774,8.68,9.031,LOT_016,False,0.38,40.9
C_00660,8.467,8.981,8.532,8.968,LOT_016,False,0.355,32.1
C_00661,9.938,10.121,10.678,11.007,LOT_016,False,0.362,34.4
C_00662,9.108,13.041,18.056,22.189,LOT_016,True,0.712,1052.8
C_00663,10.03,10.164,10.365,10.525,LOT_016,False,0.319,22.7
C_00664,9.242,9.411,9.96,10.028,LOT_016,False,0.404,51.9
C_00665,9.83,10.452,10.799,10.535,LOT_016,False,0.38,41.2
C_00666,9.491,9.087,9.498,9.627,LOT_016,False,0.351,30.9
C_00667,10.053,9.751,10.296,10.449,LOT_016,False,0.362,34.5
C_00668,10.283,13.623,19.571,23.558,LOT_016,True,0.707,999.8
C_00669,10.315,10.638,10.993,10.769,LOT_016,False,0.37,37.3
C_00670,10.02,12.168,15.16,17.558,LOT_016,True,0.632,483.4
C_00671,9.316,9.883,9.721,10.188,LOT_016,False,0.362,34.3
C_00672,9.798,10.067,10.048,10.106,LOT_016,False,0.347,29.8
C_00673,10.042,10.439,10.943,11.065,LOT_016,False,0.399,49.4
C_00674,9.757,9.259,9.331,9.561,LOT_016,False,0.313,21.3
C_00675,10.081,10.333,9.946,10.681,LOT_016,False,0.367,36.3
C_00676,10.075,10.336,9.898,10.305,LOT_016,False,0.297,18.2
C_00677,9.792,10.247,10.578,10.164,LOT_016,False,0.381,41.5
C_00678,10.35,10.017,10.374,10.513,LOT_016,False,0.34,27.7
C_00679,9.431,9.748,9.164,9.588,LOT_016,False,0.323,23.4
C_00680,10.073,10.258,10.457,10.576,LOT_016,False,0.312,21.2
C_00681,9.642,10.202,10.892,11.002,LOT_017,False,0.396,48.2
C_00682,9.334,9.892,9.97,10.987,LOT_017,False,0.42,60.9
C_00683,10.308,10.682,10.816,11.368,LOT_017,False,0.372,38.1
C_00684,10.814,10.949,11.458,11.508,LOT_017,False,0.365,35.4
C_00685,9.523,12.531,18.626,22.958,LOT_017,True,0.669,693.4
C_00686,11.257,10.931,11.286,11.671,LOT_017,False,0.382,42.0
C_00687,8.716,8.765,8.813,9.184,LOT_017,False,0.342,28.2
C_00688,9.324,9.5,9.844,9.798,LOT_017,False,0.33,25.2
C_00689,9.333,14.105,22.163,28.906,LOT_017,True,0.706,994.0
C_00690,9.91,9.71,10.295,10.492,LOT_017,False,0.353,31.5
C_00691,10.598,10.705,10.883,11.137,LOT_017,False,0.344,28.8
C_00692,10.433,10.287,10.629,10.583,LOT_017,False,0.348,30.1
C_00693,9.378,9.204,9.691,10.23,LOT_017,False,0.355,32.2
C_00694,10.737,10.738,11.212,11.213,LOT_017,False,0.363,34.9
C_00695,9.975,9.976,10.843,11.229,LOT_017,False,0.36,33.7
C_00696,9.446,9.086,9.476,9.685,LOT_017,False,0.319,22.6
C_00697,10.007,9.845,10.067,9.995,LOT_017,False,0.287,16.6
C_00698,10.927,10.585,11.036,11.458,LOT_017,False,0.365,35.6
C_00699,10.476,10.655,11.085,11.185,LOT_017,False,0.343,28.5
C_00700,10.244,10.266,10.935,11.067,LOT_017,False,0.342,28.4
C_00701,10.176,10.398,10.694,10.956,LOT_017,False,0.346,29.6
C_00702,9.726,9.625,9.89,10.056,LOT_017,False,0.323,23.4
C_00703,10.413,10.321,11.242,12.125,LOT_017,False,0.451,82.5
C_00704,7.068,7.727,7.339,8.077,LOT_017,False,0.377,39.9
C_00705,8.647,8.831,8.913,8.864,LOT_017,False,0.368,36.5
C_00706,10.708,11.115,11.397,12.11,LOT_017,False,0.395,47.6
C_00707,9.035,9.304,9.325,9.892,LOT_017,False,0.381,41.5
C_00708,10.041,10.336,10.797,10.825,LOT_017,False,0.365,35.5
C_00709,9.772,10.079,10.218,10.317,LOT_017,False,0.324,23.8
C_00710,9.733,9.931,9.797,10.373,LOT_017,False,0.284,16.1
C_00711,9.759,9.83,9.86,9.715,LOT_017,False,0.31,20.8
C_00712,9.911,10.351,10.208,10.27,LOT_017,False,0.339,27.6
C_00713,8.992,9.01,9.037,9.418,LOT_017,False,0.339,27.5
C_00714,10.429,9.79,10.823,11.517,LOT_017,False,0.357,32.7
C_00715,10.052,10.077,10.248,10.559,LOT_017,False,0.35,30.5
C_00716,11.493,11.968,12.711,12.388,LOT_017,False,0.356,32.5
C_00717,9.945,9.908,10.831,11.236,LOT_017,False,0.405,52.3
C_00718,10.798,11.041,11.406,11.79,LOT_017,False,0.381,41.3
C_00719,9.164,9.251,9.565,9.705,LOT_017,False,0.321,23.0
C_00720,10.201,9.545,10.898,10.66,LOT_017,False,0.316,22.0
C_00721,9.339,12.983,19.296,23.973,LOT_018,True,0.683,793.6
C_00722,9.927,10.339,11.247,11.404,LOT_018,False,0.452,82.6
C_00723,8.419,8.806,8.731,8.592,LOT_018,False,0.303,19.3
C_00724,9.962,10.528,10.529,11.141,LOT_018,False,0.395,47.6
C_00725,9.221,9.201,9.27,9.84,LOT_018,False,0.358,33.2
C_00726,9.085,9.116,9.215,9.886,LOT_018,False,0.335,26.4
C_00727,9.525,9.857,10.095,10.498,LOT_018,False,0.385,43.3
C_00728,9.035,8.802,9.36,9.54,LOT_018,False,0.297,18.2
C_00729,9.105,9.216,9.223,9.488,LOT_018,False,0.328,24.8
C_00730,9.522,9.801,10.054,10.258,LOT_018,False,0.319,22.7
C_00731,10.379,10.409,10.639,11.126,LOT_018,False,0.379,40.8
C_00732,9.593,9.886,9.883,10.225,LOT_018,False,0.292,17.3
C_00733,10.049,10.068,10.262,10.848,LOT_018,False,0.398,49.1
C_00734,10.009,9.906,10.437,10.628,LOT_018,False,0.431,67.4
C_00735,9.214,12.67,18.285,22.952,LOT_018,True,0.677,751.3
C_00736,10.105,10.143,10.345,10.882,LOT_018,False,0.412,56.2
C_00737,10.353,10.784,11.464,11.56,LOT_018,False,0.397,48.7
C_00738,9.211,9.418,9.702,10.176,LOT_018,False,0.337,26.9
C_00739,9.569,9.717,9.623,9.825,LOT_018,False,0.315,21.8
C_00740,9.606,9.84,9.993,10.236,LOT_018,False,0.363,34.6
C_00741,10.589,10.868,11.246,11.307,LOT_018,False,0.302,19.1
C_00742,9.576,12.749,18.735,23.369,LOT_018,True,0.676,739.8
C_00743,9.142,9.711,9.34,10.313,LOT_018,False,0.374,38.9
C_00744,10.381,9.406,10.147,9.785,LOT_018,False,0.314,21.6
C_00745,9.313,9.05,9.791,9.682,LOT_018,False,0.355,32.2
C_00746,10.422,10.155,10.545,10.779,LOT_018,False,0.347,29.8
C_00747,9.519,9.927,9.932,10.054,LOT_018,False,0.357,32.8
C_00748,9.246,9.01,9.294,8.817,LOT_018,False,0.294,17.7
C_00749,9.104,8.913,9.657,9.677,LOT_018,False,0.331,25.4
C_00750,9.029,8.851,8.69,9.062,LOT_018,False,0.291,17.2
C_00751,9.873,9.764,10.011,10.51,LOT_018,False,0.374,38.8
C_00752,8.379,8.375,8.611,9.146,LOT_018,False,0.378,40.3
C_00753,9.541,9.992,10.384,10.189,LOT_018,False,0.343,28.7
C_00754,8.924,9.506,9.925,10.034,LOT_018,False,0.324,23.8
C_00755,9.216,9.083,9.56,9.961,LOT_018,False,0.325,23.9
C_00756,8.526,8.766,8.662,9.002,LOT_018,False,0.296,18.1
C_00757,9.23,8.972,9.295,9.235,LOT_018,False,0.334,26.2
C_00758,8.995,9.374,9.761,10.224,LOT_018,False,0.394,47.1
C_00759,9.458,9.614,9.871,10.52,LOT_018,False,0.379,40.6
C_00760,9.163,9.763,9.195,9.381,LOT_018,False,0.246,11.1
C_00761,6.981,7.191,6.946,7.148,LOT_019,False,0.295,17.9
C_00762,7.355,7.433,7.306,7.678,LOT_019,False,0.329,25.0
C_00763,7.465,7.337,7.453,7.495,LOT_019,False,0.322,23.2
C_00764,7.899,8.051,8.078,8.384,LOT_019,False,0.321,23.1
C_00765,6.718,7.106,7.07,7.139,LOT_019,False,0.305,19.7
C_00766,7.301,9.293,12.248,14.737,LOT_019,True,0.649,570.5
C_00767,7.747,7.651,7.603,7.991,LOT_019,False,0.291,17.2
C_00768,8.089,8.401,8.429,8.618,LOT_019,False,0.364,35.2
C_00769,6.409,6.522,6.768,6.927,LOT_019,False,0.401,50.6
C_00770,8.077,8.251,9.06,9.322,LOT_019,False,0.434,69.4
C_00771,7.469,7.582,7.248,7.757,LOT_019,False,0.331,25.4
C_00772,7.751,8.267,8.124,8.034,LOT_019,False,0.276,14.9
C_00773,6.311,6.023,6.316,6.566,LOT_019,False,0.307,20.0
C_00774,7.423,7.544,7.887,7.709,LOT_019,False,0.353,31.4
C_00775,7.57,7.832,7.976,7.926,LOT_019,False,0.341,28.1
C_00776,7.983,8.092,7.99,8.594,LOT_019,False,0.317,22.1
C_00777,7.79,7.806,8.252,8.343,LOT_019,False,0.325,24.0
C_00778,7.591,7.941,7.88,8.359,LOT_019,False,0.338,27.4
C_00779,7.322,7.519,7.921,7.9,LOT_019,False,0.38,41.2
C_00780,7.627,7.48,7.707,7.903,LOT_019,False,0.385,42.9
C_00781,6.894,6.91,7.278,7.426,LOT_019,False,0.329,24.9
C_00782,7.014,7.023,7.296,7.442,LOT_019,False,0.33,25.2
C_00783,7.455,7.436,7.708,7.967,LOT_019,False,0.387,44.0
C_00784,7.049,7.351,7.579,7.503,LOT_019,False,0.324,23.8
C_00785,7.988,7.557,7.65,7.852,LOT_019,False,0.269,13.9
C_00786,8.187,7.938,7.751,8.046,LOT_019,False,0.264,13.2
C_00787,7.765,7.899,8.363,8.256,LOT_019,False,0.312,21.1
C_00788,6.866,7.036,6.911,7.27,LOT_019,False,0.275,14.7
C_00789,7.556,7.071,7.404,7.737,LOT_019,False,0.307,20.1
C_00790,7.652,7.855,8.318,8.564,LOT_019,False,0.399,49.4
C_00791,6.926,7.163,7.343,7.359,LOT_019,False,0.313,21.4
C_00792,8.661,12.339,18.978,23.792,LOT_019,True,0.696,899.3
C_00793,6.619,6.443,6.875,6.784,LOT_019,False,0.285,16.3
C_00794,6.846,7.27,7.356,7.432,LOT_019,False,0.375,39.1
C_00795,7.665,7.401,7.928,7.837,LOT_019,False,0.365,35.6
C_00796,7.846,8.132,8.093,8.359,LOT_019,False,0.396,47.9
C_00797,7.068,7.652,7.876,8.378,LOT_019,False,0.418,59.8
C_00798,7.149,7.605,7.706,7.77,LOT_019,False,0.324,23.6
C_00799,7.033,7.393,7.553,7.325,LOT_019,False,0.379,40.7
C_00800,7.601,7.657,8.144,7.97,LOT_019,False,0.347,29.8
C_00801,11.901,11.741,12.239,12.628,LOT_020,False,0.393,46.8
C_00802,11.626,11.315,11.156,11.367,LOT_020,False,0.305,19.7
C_00803,11.113,10.849,11.058,11.339,LOT_020,False,0.404,52.1
C_00804,11.764,11.392,12.075,11.822,LOT_020,False,0.348,30.0
C_00805,11.615,11.677,11.951,12.073,LOT_020,False,0.342,28.3
C_00806,12.679,12.484,12.678,13.208,LOT_020,False,0.374,38.8
C_00807,11.578,11.565,11.537,11.767,LOT_020,False,0.332,25.6
C_00808,10.865,14.737,19.186,22.127,LOT_020,True,0.705,979.8
C_00809,12.079,12.072,12.799,12.627,LOT_020,False,0.353,31.6
C_00810,11.17,11.494,11.836,11.464,LOT_020,False,0.357,32.6
C_00811,11.155,11.714,11.59,11.394,LOT_020,False,0.341,28.1
C_00812,11.612,11.374,11.326,11.639,LOT_020,False,0.319,22.7
C_00813,10.143,10.598,10.52,10.642,LOT_020,False,0.348,30.1
C_00814,11.787,12.065,12.029,12.378,LOT_020,False,0.357,32.6
C_00815,10.51,14.551,19.402,22.761,LOT_020,True,0.714,1080.0
C_00816,11.799,11.857,11.966,12.31,LOT_020,False,0.393,46.4
C_00817,11.591,11.756,12.3,12.538,LOT_020,False,0.401,50.3
C_00818,12.309,12.362,12.146,12.754,LOT_020,False,0.303,19.4
C_00819,12.115,12.631,11.656,12.194,LOT_020,False,0.333,25.8
C_00820,10.519,10.762,10.99,10.881,LOT_020,False,0.34,27.7
C_00821,11.392,14.505,18.923,21.553,LOT_020,True,0.7,935.1
C_00822,10.559,11.068,11.227,10.737,LOT_020,False,0.335,26.5
C_00823,10.986,11.585,11.183,11.628,LOT_020,False,0.373,38.5
C_00824,11.883,15.248,19.277,22.367,LOT_020,True,0.695,893.1
C_00825,12.423,12.61,12.883,13.045,LOT_020,False,0.381,41.6
C_00826,12.425,12.483,12.8,12.428,LOT_020,False,0.385,43.3
C_00827,10.794,11.255,11.655,11.8,LOT_020,False,0.375,39.1
C_00828,12.061,11.777,12.023,11.896,LOT_020,False,0.353,31.6
C_00829,13.021,13.33,13.31,13.358,LOT_020,False,0.366,35.7
C_00830,11.323,11.751,11.811,11.861,LOT_020,False,0.336,26.6
C_00831,11.856,11.935,12.013,12.252,LOT_020,False,0.378,40.3
C_00832,10.503,11.142,10.983,10.988,LOT_020,False,0.354,31.8
C_00833,11.641,12.133,11.693,12.737,LOT_020,False,0.405,52.4
C_00834,9.5,9.566,9.917,9.82,LOT_020,False,0.346,29.5
C_00835,10.912,11.877,11.457,11.691,LOT_020,False,0.371,37.4
C_00836,11.419,11.696,12.226,12.463,LOT_020,False,0.421,61.2
C_00837,12.398,11.973,12.222,11.881,LOT_020,False,0.307,20.0
C_00838,10.958,11.058,11.423,11.097,LOT_020,False,0.307,20.0
C_00839,10.495,10.569,10.815,11.203,LOT_020,False,0.415,57.6
C_00840,12.025,12.071,12.15,12.405,LOT_020,False,0.334,26.1
C_00841,10.922,11.546,11.238,12.247,LOT_021,False,0.395,47.5
C_00842,11.408,13.794,17.307,20.58,LOT_021,True,0.64,519.2
C_00843,11.174,11.331,12.348,12.113,LOT_021,False,0.39,45.4
C_00844,10.764,10.77,10.925,11.325,LOT_021,False,0.363,34.8
C_00845,9.902,9.87,9.957,10.711,LOT_021,False,0.374,38.7
C_00846,11.146,10.893,11.023,11.71,LOT_021,False,0.334,26.3
C_00847,11.864,11.485,11.551,11.445,LOT_021,False,0.294,17.7
C_00848,10.129,10.175,10.134,10.058,LOT_021,False,0.346,29.5
C_00849,9.943,9.863,10.157,10.528,LOT_021,False,0.306,19.9
C_00850,10.414,11.027,10.708,10.982,LOT_021,False,0.321,23.1
C_00851,11.211,11.499,11.7,11.589,LOT_021,False,0.331,25.4
C_00852,9.899,9.904,10.258,10.228,LOT_021,False,0.381,41.5
C_00853,10.355,13.349,18.291,21.756,LOT_021,True,0.681,779.3
C_00854,10.52,10.563,11.296,11.277,LOT_021,False,0.361,34.1
C_00855,10.51,10.635,11.021,11.078,LOT_021,False,0.387,43.9
C_00856,10.388,10.475,10.807,11.295,LOT_021,False,0.421,61.3
C_00857,8.867,9.014,8.734,8.552,LOT_021,False,0.227,9.2
C_00858,10.768,10.49,10.519,10.353,LOT_021,False,0.31,20.7
C_00859,10.225,10.501,10.361,11.028,LOT_021,False,0.338,27.3
C_00860,10.749,11.309,11.143,11.375,LOT_021,False,0.342,28.3
C_00861,10.539,10.36,10.49,10.644,LOT_021,False,0.282,15.7
C_00862,9.46,9.721,9.728,10.329,LOT_021,False,0.349,30.2
C_00863,9.572,9.628,9.918,10.553,LOT_021,False,0.354,31.7
C_00864,10.37,10.701,10.864,11.467,LOT_021,False,0.317,22.1
C_00865,9.609,9.933,10.311,10.469,LOT_021,False,0.377,40.0
C_00866,9.456,9.894,9.999,10.052,LOT_021,False,0.406,53.0
C_00867,9.873,10.423,10.436,10.568,LOT_021,False,0.32,22.8
C_00868,9.99,10.114,10.126,10.007,LOT_021,False,0.321,23.1
C_00869,10.933,10.838,11.211,11.262,LOT_021,False,0.355,32.3
C_00870,11.396,11.647,11.906,12.372,LOT_021,False,0.388,44.4
C_00871,10.137,10.329,10.617,10.445,LOT_021,False,0.256,12.2
C_00872,9.572,10.109,10.083,10.604,LOT_021,False,0.446,78.2
C_00873,9.506,9.013,9.837,9.622,LOT_021,False,0.372,38.1
C_00874,9.332,9.768,9.626,9.615,LOT_021,False,0.306,20.0
C_00875,10.654,10.857,10.752,10.739,LOT_021,False,0.339,27.5
C_00876,10.438,13.308,17.436,20.945,LOT_021,True,0.649,568.7
C_00877,9.052,9.311,9.504,9.623,LOT_021,False,0.337,26.9
C_00878,9.731,10.151,10.529,11.024,LOT_021,False,0.409,54.6
C_00879,11.052,10.972,11.112,11.457,LOT_021,False,0.352,31.1
C_00880,11.234,11.223,11.87,11.743,LOT_021,False,0.353,31.6
C_00881,11.996,12.201,12.415,12.536,LOT_022,False,0.264,13.2
C_00882,12.12,19.138,29.65,37.264,LOT_022,True,0.718,1119.7
C_00883,11.16,11.056,11.793,11.946,LOT_022,False,0.41,55.0
C_00884,11.596,11.966,12.333,12.82,LOT_022,False,0.387,44.2
C_00885,11.485,11.53,11.811,12.41,LOT_022,False,0.397,48.6
C_00886,12.232,12.171,12.297,12.519,LOT_022,False,0.345,29.0
C_00887,11.477,11.267,11.628,11.958,LOT_022,False,0.308,20.3
C_00888,11.567,11.138,11.81,12.101,LOT_022,False,0.343,28.6
C_00889,11.355,11.549,11.522,12.211,LOT_022,False,0.367,36.1
C_00890,11.489,11.264,11.576,11.438,LOT_022,False,0.29,17.1
C_00891,11.418,11.634,11.565,11.578,LOT_022,False,0.284,16.1
C_00892,10.911,11.009,11.267,12.078,LOT_022,False,0.351,30.8
C_00893,10.637,11.724,12.311,13.454,LOT_022,False,0.482,111.0
C_00894,11.234,11.393,11.647,12.224,LOT_022,False,0.414,57.4
C_00895,11.458,11.797,12.303,12.395,LOT_022,False,0.422,61.9
C_00896,11.473,11.775,11.958,12.004,LOT_022,False,0.333,26.0
C_00897,12.448,12.563,13.319,13.467,LOT_022,False,0.344,29.0
C_00898,11.202,11.505,11.627,12.011,LOT_022,False,0.375,39.0
C_00899,11.515,11.71,11.909,11.927,LOT_022,False,0.325,24.0
C_00900,10.538,10.739,10.757,11.298,LOT_022,False,0.322,23.3
C_00901,11.696,11.824,12.64,12.76,LOT_022,False,0.372,37.8
C_00902,11.385,11.383,11.474,11.518,LOT_022,False,0.338,27.2
C_00903,11.21,11.194,11.567,11.576,LOT_022,False,0.347,29.6
C_00904,11.182,11.702,11.574,12.014,LOT_022,False,0.299,18.7
C_00905,11.219,11.053,11.744,11.512,LOT_022,False,0.365,35.5
C_00906,10.438,10.952,10.853,11.44,LOT_022,False,0.367,36.1
C_00907,10.765,11.062,11.28,11.323,LOT_022,False,0.311,21.0
C_00908,10.845,11.366,11.806,11.817,LOT_022,False,0.406,52.8
C_00909,11.464,15.732,22.454,27.067,LOT_022,True,0.681,779.4
C_00910,11.535,11.728,12.526,12.072,LOT_022,False,0.292,17.3
C_00911,12.403,12.236,12.05,12.714,LOT_022,False,0.312,21.1
C_00912,12.803,12.297,12.691,13.013,LOT_022,False,0.326,24.2
C_00913,11.513,11.676,11.952,11.972,LOT_022,False,0.341,28.0
C_00914,11.31,10.972,11.446,11.724,LOT_022,False,0.348,30.1
C_00915,12.304,12.599,12.59,13.072,LOT_022,False,0.351,30.8
C_00916,11.455,11.376,11.585,11.677,LOT_022,False,0.248,11.3
C_00917,11.024,11.666,11.207,11.853,LOT_022,False,0.309,20.4
C_00918,12.106,21.17,35.966,47.822,LOT_022,True,0.759,1675.3
C_00919,11.646,11.454,11.946,12.189,LOT_022,False,0.372,38.1
C_00920,11.292,11.077,11.444,11.408,LOT_022,False,0.265,13.3
C_00921,8.177,8.276,8.308,8.544,LOT_023,False,0.331,25.6
C_00922,8.474,8.699,9.02,9.082,LOT_023,False,0.377,40.1
C_00923,7.436,7.381,7.59,7.572,LOT_023,False,0.296,18.1
C_00924,8.074,8.417,8.413,8.739,LOT_023,False,0.378,40.2
C_00925,8.162,10.65,13.658,15.571,LOT_023,True,0.653,592.2
C_00926,8.327,9.155,8.93,8.877,LOT_023,False,0.412,56.1
C_00927,6.868,7.021,7.354,7.083,LOT_023,False,0.36,33.6
C_00928,8.065,8.392,8.457,8.665,LOT_023,False,0.32,22.8
C_00929,8.437,8.527,8.826,8.595,LOT_023,False,0.292,17.4
C_00930,8.717,9.46,9.504,9.512,LOT_023,False,0.38,41.1
C_00931,7.778,10.329,14.1,16.629,LOT_023,True,0.685,810.9
C_00932,8.761,9.208,8.961,9.306,LOT_023,False,0.35,30.7
C_00933,9.119,9.287,9.336,9.661,LOT_023,False,0.327,24.5
C_00934,8.591,8.588,8.867,8.894,LOT_023,False,0.368,36.4
C_00935,8.173,7.992,8.315,8.0,LOT_023,False,0.325,23.9
C_00936,8.337,8.908,9.196,9.337,LOT_023,False,0.345,29.2
C_00937,8.249,8.18,8.241,8.486,LOT_023,False,0.343,28.7
C_00938,7.957,8.527,8.193,8.594,LOT_023,False,0.359,33.4
C_00939,7.785,11.109,15.844,19.364,LOT_023,True,0.708,1014.4
C_00940,7.927,7.867,8.175,8.148,LOT_023,False,0.362,34.4
C_00941,7.698,7.74,7.64,7.986,LOT_023,False,0.244,10.9
C_00942,8.546,8.633,8.703,9.389,LOT_023,False,0.374,38.6
C_00943,8.392,17.941,31.819,42.363,LOT_023,True,0.809,2723.4
C_00944,8.142,8.112,8.355,8.37,LOT_023,False,0.294,17.8
C_00945,8.865,8.876,8.979,9.412,LOT_023,False,0.355,32.3
C_00946,8.447,8.659,8.835,8.819,LOT_023,False,0.367,36.0
C_00947,8.08,8.79,8.822,9.171,LOT_023,False,0.401,50.2
C_00948,8.515,8.378,8.695,8.771,LOT_023,False,0.346,29.4
C_00949,7.597,11.916,18.729,24.306,LOT_023,True,0.739,1373.7
C_00950,8.958,8.845,9.244,9.177,LOT_023,False,0.355,32.1
C_00951,9.005,8.969,9.047,9.405,LOT_023,False,0.36,33.8
C_00952,7.789,7.954,8.524,8.499,LOT_023,False,0.424,63.1
C_00953,8.006,8.443,8.604,8.636,LOT_023,False,0.403,51.4
C_00954,8.607,8.339,8.705,8.767,LOT_023,False,0.317,22.1
C_00955,7.604,7.535,7.932,7.853,LOT_023,False,0.335,26.4
C_00956,8.283,8.456,8.803,9.031,LOT_023,False,0.336,26.7
C_00957,8.535,8.915,9.356,9.473,LOT_023,False,0.344,29.0
C_00958,8.118,8.212,8.141,8.485,LOT_023,False,0.306,19.9
C_00959,7.93,7.92,8.298,8.581,LOT_023,False,0.328,24.8
C_00960,9.015,8.932,9.355,9.45,LOT_023,False,0.391,45.9
C_00961,9.674,13.139,19.266,23.737,LOT_024,True,0.696,899.9
C_00962,8.861,9.325,9.537,9.711,LOT_024,False,0.36,33.7
C_00963,10.086,10.263,10.004,10.581,LOT_024,False,0.33,25.2
C_00964,9.178,9.345,9.777,10.355,LOT_024,False,0.42,60.8
C_00965,9.355,9.409,9.326,9.198,LOT_024,False,0.321,23.1
C_00966,9.552,10.1,10.027,10.569,LOT_024,False,0.372,38.0
C_00967,8.728,8.831,9.441,9.129,LOT_024,False,0.338,27.3
C_00968,9.156,9.503,9.226,9.846,LOT_024,False,0.349,30.3
C_00969,9.143,9.337,9.698,10.069,LOT_024,False,0.384,42.8
C_00970,9.609,9.696,9.781,9.692,LOT_024,False,0.362,34.6
C_00971,9.227,9.067,9.335,9.1,LOT_024,False,0.327,24.4
C_00972,9.437,9.902,10.032,10.106,LOT_024,False,0.399,49.5
C_00973,8.948,8.977,9.154,9.28,LOT_024,False,0.347,29.9
C_00974,10.672,10.801,10.993,10.92,LOT_024,False,0.341,28.1
C_00975,9.177,9.336,10.12,9.958,LOT_024,False,0.397,48.4
C_00976,9.796,14.236,20.19,25.402,LOT_024,True,0.695,891.8
C_00977,9.542,10.037,10.042,9.832,LOT_024,False,0.369,36.8
C_00978,8.928,9.245,9.322,9.752,LOT_024,False,0.369,36.8
C_00979,9.731,9.591,10.324,10.531,LOT_024,False,0.377,39.8
C_00980,9.574,10.297,10.453,10.621,LOT_024,False,0.398,48.8
C_00981,8.304,11.508,16.543,20.414,LOT_024,True,0.693,878.3
C_00982,10.271,9.682,10.199,10.327,LOT_024,False,0.375,39.2
C_00983,9.314,9.449,9.65,9.928,LOT_024,False,0.341,27.9
C_00984,9.655,9.593,9.989,9.891,LOT_024,False,0.343,28.7
C_00985,9.12,9.428,9.403,9.86,LOT_024,False,0.35,30.5
C_00986,9.772,9.84,10.225,10.233,LOT_024,False,0.352,31.4
C_00987,9.795,9.897,10.57,10.274,LOT_024,False,0.35,30.6
C_00988,9.866,10.277,10.544,10.393,LOT_024,False,0.341,28.1
C_00989,9.716,9.595,10.472,10.496,LOT_024,False,0.373,38.3
C_00990,8.436,8.649,8.852,9.235,LOT_024,False,0.306,19.9
C_00991,10.082,9.926,10.408,10.365,LOT_024,False,0.317,22.1
C_00992,10.697,10.468,11.031,10.786,LOT_024,False,0.328,24.8
C_00993,9.696,9.994,10.322,10.434,LOT_024,False,0.374,38.6
C_00994,8.619,9.056,8.814,9.523,LOT_024,False,0.374,38.7
C_00995,9.671,9.867,10.1,10.058,LOT_024,False,0.334,26.2
C_00996,8.883,8.723,9.25,9.693,LOT_024,False,0.432,68.3
C_00997,10.37,10.715,11.149,10.978,LOT_024,False,0.353,31.5
C_00998,8.971,9.377,9.611,9.661,LOT_024,False,0.381,41.3
C_00999,9.583,9.664,9.975,9.989,LOT_024,False,0.347,29.8
C_01000,9.599,10.174,9.652,10.089,LOT_024,False,0.294,17.6
